model,diagnostic,value,p_value,status,diagnostic_figure
brglm_new_corallites_by_growth_all_wounded,DHARMa dispersion screen,0.286,0.286,passed,/Users/adrianstier/Stier-LTH-expression-by-temperature-2025/figures/37_tradeoff_diagnostics/brglm_new_corallites_by_growth_all_wounded_brglm_dharma.png
brglm_new_corallites_by_growth_all_wounded,DHARMa outlier screen,1,1,passed,/Users/adrianstier/Stier-LTH-expression-by-temperature-2025/figures/37_tradeoff_diagnostics/brglm_new_corallites_by_growth_all_wounded_brglm_dharma.png
brglm_new_corallites_by_growth_all_wounded,DHARMa uniformity screen,0.03499988677690391,0.03499988677690391,flagged,/Users/adrianstier/Stier-LTH-expression-by-temperature-2025/figures/37_tradeoff_diagnostics/brglm_new_corallites_by_growth_all_wounded_brglm_dharma.png
brglm_new_corallites_by_growth_all_wounded,bias-reduced GLM convergence,1,NA,passed,/Users/adrianstier/Stier-LTH-expression-by-temperature-2025/figures/37_tradeoff_diagnostics/brglm_new_corallites_by_growth_all_wounded_brglm_dharma.png
brglm_new_corallites_by_growth_heated_wounded,DHARMa dispersion screen,0.488,0.488,passed,/Users/adrianstier/Stier-LTH-expression-by-temperature-2025/figures/37_tradeoff_diagnostics/brglm_new_corallites_by_growth_heated_wounded_brglm_dharma.png
brglm_new_corallites_by_growth_heated_wounded,DHARMa outlier screen,1,1,passed,/Users/adrianstier/Stier-LTH-expression-by-temperature-2025/figures/37_tradeoff_diagnostics/brglm_new_corallites_by_growth_heated_wounded_brglm_dharma.png
brglm_new_corallites_by_growth_heated_wounded,DHARMa uniformity screen,0.9897923676871849,0.9897923676871849,passed,/Users/adrianstier/Stier-LTH-expression-by-temperature-2025/figures/37_tradeoff_diagnostics/brglm_new_corallites_by_growth_heated_wounded_brglm_dharma.png
brglm_new_corallites_by_growth_heated_wounded,bias-reduced GLM convergence,1,NA,passed,/Users/adrianstier/Stier-LTH-expression-by-temperature-2025/figures/37_tradeoff_diagnostics/brglm_new_corallites_by_growth_heated_wounded_brglm_dharma.png
brglm_tip_extension_by_growth_all_wounded,DHARMa dispersion screen,0.436,0.436,passed,/Users/adrianstier/Stier-LTH-expression-by-temperature-2025/figures/37_tradeoff_diagnostics/brglm_tip_extension_by_growth_all_wounded_brglm_dharma.png
brglm_tip_extension_by_growth_all_wounded,DHARMa outlier screen,1,1,passed,/Users/adrianstier/Stier-LTH-expression-by-temperature-2025/figures/37_tradeoff_diagnostics/brglm_tip_extension_by_growth_all_wounded_brglm_dharma.png
brglm_tip_extension_by_growth_all_wounded,DHARMa uniformity screen,0.6707580474564618,0.6707580474564618,passed,/Users/adrianstier/Stier-LTH-expression-by-temperature-2025/figures/37_tradeoff_diagnostics/brglm_tip_extension_by_growth_all_wounded_brglm_dharma.png
brglm_tip_extension_by_growth_all_wounded,bias-reduced GLM convergence,1,NA,passed,/Users/adrianstier/Stier-LTH-expression-by-temperature-2025/figures/37_tradeoff_diagnostics/brglm_tip_extension_by_growth_all_wounded_brglm_dharma.png
brglm_tip_extension_by_growth_heated_wounded,DHARMa dispersion screen,0.506,0.506,passed,/Users/adrianstier/Stier-LTH-expression-by-temperature-2025/figures/37_tradeoff_diagnostics/brglm_tip_extension_by_growth_heated_wounded_brglm_dharma.png
brglm_tip_extension_by_growth_heated_wounded,DHARMa outlier screen,1,1,passed,/Users/adrianstier/Stier-LTH-expression-by-temperature-2025/figures/37_tradeoff_diagnostics/brglm_tip_extension_by_growth_heated_wounded_brglm_dharma.png
brglm_tip_extension_by_growth_heated_wounded,DHARMa uniformity screen,0.8066818220740589,0.8066818220740589,passed,/Users/adrianstier/Stier-LTH-expression-by-temperature-2025/figures/37_tradeoff_diagnostics/brglm_tip_extension_by_growth_heated_wounded_brglm_dharma.png
brglm_tip_extension_by_growth_heated_wounded,bias-reduced GLM convergence,1,NA,passed,/Users/adrianstier/Stier-LTH-expression-by-temperature-2025/figures/37_tradeoff_diagnostics/brglm_tip_extension_by_growth_heated_wounded_brglm_dharma.png
cloglog_transition_new_corallites_on_tip_growth,DHARMa dispersion screen,0.468,0.468,passed,/Users/adrianstier/Stier-LTH-expression-by-temperature-2025/figures/37_tradeoff_diagnostics/cloglog_transition_new_corallites_on_tip_growth_dharma.png / /Users/adrianstier/Stier-LTH-expression-by-temperature-2025/figures/37_tradeoff_diagnostics/cloglog_transition_new_corallites_on_tip_growth_binned.png
cloglog_transition_new_corallites_on_tip_growth,DHARMa outlier screen,1,1,passed,/Users/adrianstier/Stier-LTH-expression-by-temperature-2025/figures/37_tradeoff_diagnostics/cloglog_transition_new_corallites_on_tip_growth_dharma.png / /Users/adrianstier/Stier-LTH-expression-by-temperature-2025/figures/37_tradeoff_diagnostics/cloglog_transition_new_corallites_on_tip_growth_binned.png
cloglog_transition_new_corallites_on_tip_growth,DHARMa uniformity screen,0.39270088496319033,0.39270088496319033,passed,/Users/adrianstier/Stier-LTH-expression-by-temperature-2025/figures/37_tradeoff_diagnostics/cloglog_transition_new_corallites_on_tip_growth_dharma.png / /Users/adrianstier/Stier-LTH-expression-by-temperature-2025/figures/37_tradeoff_diagnostics/cloglog_transition_new_corallites_on_tip_growth_binned.png
cloglog_transition_new_corallites_on_tip_growth,bias-reduced complementary log-log convergence,1,NA,passed,/Users/adrianstier/Stier-LTH-expression-by-temperature-2025/figures/37_tradeoff_diagnostics/cloglog_transition_new_corallites_on_tip_growth_dharma.png / /Users/adrianstier/Stier-LTH-expression-by-temperature-2025/figures/37_tradeoff_diagnostics/cloglog_transition_new_corallites_on_tip_growth_binned.png
cloglog_transition_new_corallites_on_tip_growth,maximum hat value,0.21680047528966442,NA,passed,/Users/adrianstier/Stier-LTH-expression-by-temperature-2025/figures/37_tradeoff_diagnostics/cloglog_transition_new_corallites_on_tip_growth_dharma.png / /Users/adrianstier/Stier-LTH-expression-by-temperature-2025/figures/37_tradeoff_diagnostics/cloglog_transition_new_corallites_on_tip_growth_binned.png
cloglog_transition_tip_extension_growth,DHARMa dispersion screen,0.812,0.812,passed,/Users/adrianstier/Stier-LTH-expression-by-temperature-2025/figures/37_tradeoff_diagnostics/cloglog_transition_tip_extension_growth_dharma.png / /Users/adrianstier/Stier-LTH-expression-by-temperature-2025/figures/37_tradeoff_diagnostics/cloglog_transition_tip_extension_growth_binned.png
cloglog_transition_tip_extension_growth,DHARMa outlier screen,1,1,passed,/Users/adrianstier/Stier-LTH-expression-by-temperature-2025/figures/37_tradeoff_diagnostics/cloglog_transition_tip_extension_growth_dharma.png / /Users/adrianstier/Stier-LTH-expression-by-temperature-2025/figures/37_tradeoff_diagnostics/cloglog_transition_tip_extension_growth_binned.png
cloglog_transition_tip_extension_growth,DHARMa uniformity screen,0.6716111113662129,0.6716111113662129,passed,/Users/adrianstier/Stier-LTH-expression-by-temperature-2025/figures/37_tradeoff_diagnostics/cloglog_transition_tip_extension_growth_dharma.png / /Users/adrianstier/Stier-LTH-expression-by-temperature-2025/figures/37_tradeoff_diagnostics/cloglog_transition_tip_extension_growth_binned.png
cloglog_transition_tip_extension_growth,bias-reduced complementary log-log convergence,1,NA,passed,/Users/adrianstier/Stier-LTH-expression-by-temperature-2025/figures/37_tradeoff_diagnostics/cloglog_transition_tip_extension_growth_dharma.png / /Users/adrianstier/Stier-LTH-expression-by-temperature-2025/figures/37_tradeoff_diagnostics/cloglog_transition_tip_extension_growth_binned.png
cloglog_transition_tip_extension_growth,maximum hat value,0.2053545765423877,NA,passed,/Users/adrianstier/Stier-LTH-expression-by-temperature-2025/figures/37_tradeoff_diagnostics/cloglog_transition_tip_extension_growth_dharma.png / /Users/adrianstier/Stier-LTH-expression-by-temperature-2025/figures/37_tradeoff_diagnostics/cloglog_transition_tip_extension_growth_binned.png
cloglog_transition_wound_smoothed_growth,DHARMa dispersion screen,0.684,0.684,passed,/Users/adrianstier/Stier-LTH-expression-by-temperature-2025/figures/37_tradeoff_diagnostics/cloglog_transition_wound_smoothed_growth_dharma.png / /Users/adrianstier/Stier-LTH-expression-by-temperature-2025/figures/37_tradeoff_diagnostics/cloglog_transition_wound_smoothed_growth_binned.png
cloglog_transition_wound_smoothed_growth,DHARMa outlier screen,1,1,passed,/Users/adrianstier/Stier-LTH-expression-by-temperature-2025/figures/37_tradeoff_diagnostics/cloglog_transition_wound_smoothed_growth_dharma.png / /Users/adrianstier/Stier-LTH-expression-by-temperature-2025/figures/37_tradeoff_diagnostics/cloglog_transition_wound_smoothed_growth_binned.png
cloglog_transition_wound_smoothed_growth,DHARMa uniformity screen,0.31005104699640584,0.31005104699640584,passed,/Users/adrianstier/Stier-LTH-expression-by-temperature-2025/figures/37_tradeoff_diagnostics/cloglog_transition_wound_smoothed_growth_dharma.png / /Users/adrianstier/Stier-LTH-expression-by-temperature-2025/figures/37_tradeoff_diagnostics/cloglog_transition_wound_smoothed_growth_binned.png
cloglog_transition_wound_smoothed_growth,bias-reduced complementary log-log convergence,1,NA,passed,/Users/adrianstier/Stier-LTH-expression-by-temperature-2025/figures/37_tradeoff_diagnostics/cloglog_transition_wound_smoothed_growth_dharma.png / /Users/adrianstier/Stier-LTH-expression-by-temperature-2025/figures/37_tradeoff_diagnostics/cloglog_transition_wound_smoothed_growth_binned.png
cloglog_transition_wound_smoothed_growth,maximum hat value,0.2249759887221497,NA,passed,/Users/adrianstier/Stier-LTH-expression-by-temperature-2025/figures/37_tradeoff_diagnostics/cloglog_transition_wound_smoothed_growth_dharma.png / /Users/adrianstier/Stier-LTH-expression-by-temperature-2025/figures/37_tradeoff_diagnostics/cloglog_transition_wound_smoothed_growth_binned.png
cox_new_corallites_on_tip_growth,global proportional hazards,0.19246551584033003,0.19246551584033003,passed,/Users/adrianstier/Stier-LTH-expression-by-temperature-2025/figures/37_tradeoff_diagnostics/cox_new_corallites_on_tip_growth_cox_zph.png
cox_new_corallites_on_tip_growth,growth proportional hazards,0.6943711626792042,0.6943711626792042,passed,/Users/adrianstier/Stier-LTH-expression-by-temperature-2025/figures/37_tradeoff_diagnostics/cox_new_corallites_on_tip_growth_cox_zph.png
cox_new_corallites_on_tip_growth,maximum absolute dfbeta,0.1762419155383142,NA,passed,/Users/adrianstier/Stier-LTH-expression-by-temperature-2025/figures/37_tradeoff_diagnostics/cox_new_corallites_on_tip_growth_cox_zph.png
cox_tip_extension_growth,global proportional hazards,0.20670232196937174,0.20670232196937174,passed,/Users/adrianstier/Stier-LTH-expression-by-temperature-2025/figures/37_tradeoff_diagnostics/cox_tip_extension_growth_cox_zph.png
cox_tip_extension_growth,growth proportional hazards,0.6032526979937051,0.6032526979937051,passed,/Users/adrianstier/Stier-LTH-expression-by-temperature-2025/figures/37_tradeoff_diagnostics/cox_tip_extension_growth_cox_zph.png
cox_tip_extension_growth,maximum absolute dfbeta,0.19506781438642473,NA,passed,/Users/adrianstier/Stier-LTH-expression-by-temperature-2025/figures/37_tradeoff_diagnostics/cox_tip_extension_growth_cox_zph.png
cox_wound_smoothed_growth,global proportional hazards,0.9313005974777631,0.9313005974777631,passed,/Users/adrianstier/Stier-LTH-expression-by-temperature-2025/figures/37_tradeoff_diagnostics/cox_wound_smoothed_growth_cox_zph.png
cox_wound_smoothed_growth,growth proportional hazards,0.7079495375415481,0.7079495375415481,passed,/Users/adrianstier/Stier-LTH-expression-by-temperature-2025/figures/37_tradeoff_diagnostics/cox_wound_smoothed_growth_cox_zph.png
cox_wound_smoothed_growth,maximum absolute dfbeta,0.14733072742455425,NA,passed,/Users/adrianstier/Stier-LTH-expression-by-temperature-2025/figures/37_tradeoff_diagnostics/cox_wound_smoothed_growth_cox_zph.png
lm_growth_by_new_corallites_all_wounded,Shapiro-Wilk residual normality,0.6278655815745953,0.6278655815745953,passed,/Users/adrianstier/Stier-LTH-expression-by-temperature-2025/figures/37_tradeoff_diagnostics/lm_growth_by_new_corallites_all_wounded_lm_diagnostics.png
lm_growth_by_new_corallites_all_wounded,maximum Cook's distance,0.26501730873015317,NA,passed,/Users/adrianstier/Stier-LTH-expression-by-temperature-2025/figures/37_tradeoff_diagnostics/lm_growth_by_new_corallites_all_wounded_lm_diagnostics.png
lm_growth_by_new_corallites_all_wounded,observations above 4/n Cook's threshold,3,NA,flagged,/Users/adrianstier/Stier-LTH-expression-by-temperature-2025/figures/37_tradeoff_diagnostics/lm_growth_by_new_corallites_all_wounded_lm_diagnostics.png
lm_growth_by_new_corallites_heated_wounded,Shapiro-Wilk residual normality,0.015083914085905613,0.015083914085905613,flagged,/Users/adrianstier/Stier-LTH-expression-by-temperature-2025/figures/37_tradeoff_diagnostics/lm_growth_by_new_corallites_heated_wounded_lm_diagnostics.png
lm_growth_by_new_corallites_heated_wounded,maximum Cook's distance,0.5083704938786998,NA,passed,/Users/adrianstier/Stier-LTH-expression-by-temperature-2025/figures/37_tradeoff_diagnostics/lm_growth_by_new_corallites_heated_wounded_lm_diagnostics.png
lm_growth_by_new_corallites_heated_wounded,observations above 4/n Cook's threshold,1,NA,passed,/Users/adrianstier/Stier-LTH-expression-by-temperature-2025/figures/37_tradeoff_diagnostics/lm_growth_by_new_corallites_heated_wounded_lm_diagnostics.png
lm_growth_by_tip_extension_all_wounded,Shapiro-Wilk residual normality,0.10108049535965423,0.10108049535965423,passed,/Users/adrianstier/Stier-LTH-expression-by-temperature-2025/figures/37_tradeoff_diagnostics/lm_growth_by_tip_extension_all_wounded_lm_diagnostics.png
lm_growth_by_tip_extension_all_wounded,maximum Cook's distance,0.2869300116663198,NA,passed,/Users/adrianstier/Stier-LTH-expression-by-temperature-2025/figures/37_tradeoff_diagnostics/lm_growth_by_tip_extension_all_wounded_lm_diagnostics.png
lm_growth_by_tip_extension_all_wounded,observations above 4/n Cook's threshold,2,NA,flagged,/Users/adrianstier/Stier-LTH-expression-by-temperature-2025/figures/37_tradeoff_diagnostics/lm_growth_by_tip_extension_all_wounded_lm_diagnostics.png
lm_growth_by_tip_extension_heated_wounded,Shapiro-Wilk residual normality,0.9476021990736483,0.9476021990736483,passed,/Users/adrianstier/Stier-LTH-expression-by-temperature-2025/figures/37_tradeoff_diagnostics/lm_growth_by_tip_extension_heated_wounded_lm_diagnostics.png
lm_growth_by_tip_extension_heated_wounded,maximum Cook's distance,1.6388392003722223,NA,flagged,/Users/adrianstier/Stier-LTH-expression-by-temperature-2025/figures/37_tradeoff_diagnostics/lm_growth_by_tip_extension_heated_wounded_lm_diagnostics.png
lm_growth_by_tip_extension_heated_wounded,observations above 4/n Cook's threshold,2,NA,flagged,/Users/adrianstier/Stier-LTH-expression-by-temperature-2025/figures/37_tradeoff_diagnostics/lm_growth_by_tip_extension_heated_wounded_lm_diagnostics.png
lmrob_growth_by_new_corallites_all_wounded,minimum robustness weight,0.5846195752333486,NA,passed,/Users/adrianstier/Stier-LTH-expression-by-temperature-2025/figures/37_tradeoff_diagnostics/lmrob_growth_by_new_corallites_all_wounded_lmrob_diagnostics.png
lmrob_growth_by_new_corallites_all_wounded,observations with robustness weight < 0.5,0,NA,passed,/Users/adrianstier/Stier-LTH-expression-by-temperature-2025/figures/37_tradeoff_diagnostics/lmrob_growth_by_new_corallites_all_wounded_lmrob_diagnostics.png
lmrob_growth_by_new_corallites_all_wounded,robust LM convergence,1,NA,passed,/Users/adrianstier/Stier-LTH-expression-by-temperature-2025/figures/37_tradeoff_diagnostics/lmrob_growth_by_new_corallites_all_wounded_lmrob_diagnostics.png
lmrob_growth_by_new_corallites_heated_wounded,minimum robustness weight,0.28799831339399296,NA,passed,/Users/adrianstier/Stier-LTH-expression-by-temperature-2025/figures/37_tradeoff_diagnostics/lmrob_growth_by_new_corallites_heated_wounded_lmrob_diagnostics.png
lmrob_growth_by_new_corallites_heated_wounded,observations with robustness weight < 0.5,1,NA,passed,/Users/adrianstier/Stier-LTH-expression-by-temperature-2025/figures/37_tradeoff_diagnostics/lmrob_growth_by_new_corallites_heated_wounded_lmrob_diagnostics.png
lmrob_growth_by_new_corallites_heated_wounded,robust LM convergence,1,NA,passed,/Users/adrianstier/Stier-LTH-expression-by-temperature-2025/figures/37_tradeoff_diagnostics/lmrob_growth_by_new_corallites_heated_wounded_lmrob_diagnostics.png
lmrob_growth_by_tip_extension_all_wounded,minimum robustness weight,0.29507674547527357,NA,passed,/Users/adrianstier/Stier-LTH-expression-by-temperature-2025/figures/37_tradeoff_diagnostics/lmrob_growth_by_tip_extension_all_wounded_lmrob_diagnostics.png
lmrob_growth_by_tip_extension_all_wounded,observations with robustness weight < 0.5,2,NA,flagged,/Users/adrianstier/Stier-LTH-expression-by-temperature-2025/figures/37_tradeoff_diagnostics/lmrob_growth_by_tip_extension_all_wounded_lmrob_diagnostics.png
lmrob_growth_by_tip_extension_all_wounded,robust LM convergence,1,NA,passed,/Users/adrianstier/Stier-LTH-expression-by-temperature-2025/figures/37_tradeoff_diagnostics/lmrob_growth_by_tip_extension_all_wounded_lmrob_diagnostics.png
lmrob_growth_by_tip_extension_heated_wounded,minimum robustness weight,0.8375376022665797,NA,passed,/Users/adrianstier/Stier-LTH-expression-by-temperature-2025/figures/37_tradeoff_diagnostics/lmrob_growth_by_tip_extension_heated_wounded_lmrob_diagnostics.png
lmrob_growth_by_tip_extension_heated_wounded,observations with robustness weight < 0.5,0,NA,passed,/Users/adrianstier/Stier-LTH-expression-by-temperature-2025/figures/37_tradeoff_diagnostics/lmrob_growth_by_tip_extension_heated_wounded_lmrob_diagnostics.png
lmrob_growth_by_tip_extension_heated_wounded,robust LM convergence,1,NA,passed,/Users/adrianstier/Stier-LTH-expression-by-temperature-2025/figures/37_tradeoff_diagnostics/lmrob_growth_by_tip_extension_heated_wounded_lmrob_diagnostics.png
